<?xml version="1.0" encoding="UTF-8"?>

<hibernate-mapping xmlns="http://www.hibernate.org/xsd/hibernate-mapping"
                   xsi:schemaLocation="http://www.hibernate.org/xsd/hibernate-mapping
                                       http://www.hibernate.org/xsd/hibernate-mapping/hibernate-mapping-3.0.xsd"
                   xmlns:xsi="http://www.w3.org/2001/XMLSchema-instance">

    <class name="Person" table="person_table">
        <id name="id" column="id" type="long">
            <generator class="native" />
        </id>

        <property name="name" column="name" type="string" />

        <list name="addresses" table="person_addresses" cascade="all">
            <key column="person_id" />
            <element column="address" type="string" />
        </list>

        <set name="emails" table="person_emails" cascade="all">
            <key column="person_id" />
            <element column="email" type="string" />
        </set>

        <map name="phoneNumbers" table="person_phonenumbers" cascade="all">
            <key column="person_id" />
            <index column="phone_type" type="string" />
            <element column="phone_number" type="string" />
        </map>
    </class>

</hibernate-mapping>
