<?xml version="1.0" encoding="UTF-8"?>

<!DOCTYPE hibernate-configuration SYSTEM

"http://www.hibernate.org/dtd/hibernate-configuration-3.0.dtd">

<hibernate-configuration>

<session-factory>

	<property name="connection. driver_ class ">com.mysql.jdbc. Drivers </property>

	<property name="connection. url ">jdbc:mysql://localhost:3306/ /myhiber</property>

	<property name="connection. username ">root</property>

	<property name=" connection. password">Root</property>
	
	<property name="dialect" >org. hibernate.dialect.MysQLDialect</property>
	<property name="hbm2ddl.auto">update</property>
	<property name="show sql ">true</property>
	<mapping class ="com.tut.Student"/>
</session-factory>
</hibernate-configuration>